randomise_blocks,randomise_trials,display,video_fname,ANSWER,tour_string,mascot_color_id,fam_string,trial_number,phase_id,stim_type,mascot_name,action_bare,video_context,action_number,mascot_name_format_matched
,,instructions,none,,,,,0,overall_instructions,none,none,none,none,0.0,
,,enc_instructions,none,,,,,0,instructions,none,none,none,none,0.0,
,,mascot_familiarization,chiba-kun-white-background.jpg,,,,,0,mascot_familiarization_random,mascot_stills,chiba-kun-white-background.jpg,chiba-kun-white-background.jpg,,,
,,mascot_familiarization,shimanekko-white-background.jpeg,,,,,1,mascot_familiarization_random,mascot_stills,shimanekko-white-background.jpeg,shimanekko-white-background.jpeg,,,
,,mascot_familiarization,kapal-white-background.jpg,,,,,2,mascot_familiarization_random,mascot_stills,kapal-white-background.jpg,kapal-white-background.jpg,,,
,,mascot_familiarization,jarbo.jpg,,,,,3,mascot_familiarization_random,mascot_stills,jarbo.jpg,jarbo.jpg,,,
,,fam_enc_transition,none,,,,,0,instructions,none,none,none,none,0.0,
,,study_trials,Jarbo_school-auditorium_dance-routine-1.mp4,,,,,0,enc_random,studied,Jarbo,Jarbo_school-auditorium_dance-routine,school-auditorium,1.0,
,,study_trials,Shimanekko_walking-around-outside-a-building_posing-for-a-picture-0.mp4,,,,,1,enc_random,studied,Shimanekko,Shimanekko_walking-around-outside-a-building_posing-for-a-picture,walking-around-outside-a-building,0.0,
,,study_trials,Kapal_beers_drinking-1.mp4,,,,,2,enc_random,studied,Kapal,Kapal_beers_drinking,beers,1.0,
,,study_trials,Jarbo_mall-2_dancing-0.mp4,,,,,3,enc_random,studied,Jarbo,Jarbo_mall-2_dancing,mall-2,0.0,
,,study_trials,Chiba-kun_stairs_walking-while-praying-0.mp4,,,,,4,enc_random,studied,Chiba-kun,Chiba-kun_stairs_walking-while-praying,stairs,0.0,
,,study_trials,Jarbo_roof_with-cheerleaders-0.mp4,,,,,5,enc_random,studied,Jarbo,Jarbo_roof_with-cheerleaders,roof,0.0,
,,study_trials,Shimanekko_bridge_showing-viewer-bridge-0.mp4,,,,,6,enc_random,studied,Shimanekko,Shimanekko_bridge_showing-viewer-bridge,bridge,0.0,
,,study_trials,Shimanekko_scientist_learning-1.mp4,,,,,7,enc_random,studied,Shimanekko,Shimanekko_scientist_learning,scientist,1.0,
,,study_trials,Kapal_hallway_running-and-posing-0.mp4,,,,,8,enc_random,studied,Kapal,Kapal_hallway_running-and-posing,hallway,0.0,
,,study_trials,Kapal_batting-cage_batting-9.mp4,,,,,9,enc_random,studied,Kapal,Kapal_batting-cage_batting,batting-cage,9.0,
,,study_trials,Chiba-kun_reporters_interview-0.mp4,,,,,10,enc_random,studied,Chiba-kun,Chiba-kun_reporters_interview,reporters,0.0,
,,study_trials,Jarbo_street-2_with-tennis-players-1.mp4,,,,,11,enc_random,studied,Jarbo,Jarbo_street-2_with-tennis-players,street-2,1.0,
,,study_trials,Chiba-kun_waterfront_looking-out-to-waterfront-0.mp4,,,,,12,enc_random,studied,Chiba-kun,Chiba-kun_waterfront_looking-out-to-waterfront,waterfront,0.0,
,,study_trials,Chiba-kun_restaurant-alone_eating-2.mp4,,,,,13,enc_random,studied,Chiba-kun,Chiba-kun_restaurant-alone_eating,restaurant-alone,2.0,
,,study_trials,Shimanekko_beach_dusting-off-sand-while-standing-up-0.mp4,,,,,14,enc_random,studied,Shimanekko,Shimanekko_beach_dusting-off-sand-while-standing-up,beach,0.0,
,,study_trials,Chiba-kun_train-station_waving-0.mp4,,,,,15,enc_random,studied,Chiba-kun,Chiba-kun_train-station_waving,train-station,0.0,
,,study_trials,Kapal_learning-dance_learning-dance-1.mp4,,,,,16,enc_random,studied,Kapal,Kapal_learning-dance_learning-dance,learning-dance,1.0,
,,study_trials,Chiba-kun_running_running-from-distance-1.mp4,,,,,17,enc_random,studied,Chiba-kun,Chiba-kun_running_running-from-distance,running,1.0,
,,study_trials,Kapal_interview_dancing-0.mp4,,,,,18,enc_random,studied,Kapal,Kapal_interview_dancing,interview,0.0,
,,study_trials,Chiba-kun_tea-ceremony_drinking-tea-0.mp4,,,,,19,enc_random,studied,Chiba-kun,Chiba-kun_tea-ceremony_drinking-tea,tea-ceremony,0.0,
,,study_trials,Kapal_outside-dance-studio_looking-inside-3.mp4,,,,,20,enc_random,studied,Kapal,Kapal_outside-dance-studio_looking-inside,outside-dance-studio,3.0,
,,study_trials,Kapal_bathtub_going-in-bathtub-0.mp4,,,,,21,enc_random,studied,Kapal,Kapal_bathtub_going-in-bathtub,bathtub,0.0,
,,study_trials,Kapal_white-hills_walking-1.mp4,,,,,22,enc_random,studied,Kapal,Kapal_white-hills_walking,white-hills,1.0,
,,study_trials,Jarbo_bus_boarding-bus-0.mp4,,,,,23,enc_random,studied,Jarbo,Jarbo_bus_boarding-bus,bus,0.0,
,,study_trials,Kapal_riding-chair_rolling-in-chair-0.mp4,,,,,24,enc_random,studied,Kapal,Kapal_riding-chair_rolling-in-chair,riding-chair,0.0,
,,study_trials,Kapal_dance-performance_dancing-0.mp4,,,,,25,enc_random,studied,Kapal,Kapal_dance-performance_dancing,dance-performance,0.0,
,,study_trials,Chiba-kun_running_running-with-man-0.mp4,,,,,26,enc_random,studied,Chiba-kun,Chiba-kun_running_running-with-man,running,0.0,
,,study_trials,Jarbo_train-station_waving-0.mp4,,,,,27,enc_random,studied,Jarbo,Jarbo_train-station_waving,train-station,0.0,
,,study_trials,Jarbo_mall-1_introduction-5.mp4,,,,,28,enc_random,studied,Jarbo,Jarbo_mall-1_introduction,mall-1,5.0,
,,study_trials,Chiba-kun_strawberry-greenhouse_picking-strawberries-0.mp4,,,,,29,enc_random,studied,Chiba-kun,Chiba-kun_strawberry-greenhouse_picking-strawberries,strawberry-greenhouse,0.0,
,,study_trials,Jarbo_bus-1_stepping-off-0.mp4,,,,,30,enc_random,studied,Jarbo,Jarbo_bus-1_stepping-off,bus-1,0.0,
,,study_trials,Jarbo_cheerleaders_school-assembly-0.mp4,,,,,31,enc_random,studied,Jarbo,Jarbo_cheerleaders_school-assembly,cheerleaders,0.0,
,,study_trials,Chiba-kun_office-with-woman_showing-poster-0.mp4,,,,,32,enc_random,studied,Chiba-kun,Chiba-kun_office-with-woman_showing-poster,office-with-woman,0.0,
,,study_trials,Shimanekko_classroom_bowing-with-woman-1.mp4,,,,,33,enc_random,studied,Shimanekko,Shimanekko_classroom_bowing-with-woman,classroom,1.0,
,,study_trials,Chiba-kun_lake_taking-pictures-with-girl-0.mp4,,,,,34,enc_random,studied,Chiba-kun,Chiba-kun_lake_taking-pictures-with-girl,lake,0.0,
,,study_trials,Shimanekko_fields_stretching-0.mp4,,,,,35,enc_random,studied,Shimanekko,Shimanekko_fields_stretching,fields,0.0,
,,study_trials,Shimanekko_with-wood_explaining-0.mp4,,,,,36,enc_random,studied,Shimanekko,Shimanekko_with-wood_explaining,with-wood,0.0,
,,study_trials,Kapal_hallway_dancing-0.mp4,,,,,37,enc_random,studied,Kapal,Kapal_hallway_dancing,hallway,0.0,
,,study_trials,Shimanekko_indoor-event_posing-for-pictures-with-children-0.mp4,,,,,38,enc_random,studied,Shimanekko,Shimanekko_indoor-event_posing-for-pictures-with-children,indoor-event,0.0,
,,study_trials,Jarbo_park_dancing-1.mp4,,,,,39,enc_random,studied,Jarbo,Jarbo_park_dancing,park,1.0,
,,study_trials,Shimanekko_library_looking-for-book-0.mp4,,,,,40,enc_random,studied,Shimanekko,Shimanekko_library_looking-for-book,library,0.0,
,,study_trials,Kapal_outside-of-building_standing-0.mp4,,,,,41,enc_random,studied,Kapal,Kapal_outside-of-building_standing,outside-of-building,0.0,
,,study_trials,Jarbo_street_walking-1.mp4,,,,,42,enc_random,studied,Jarbo,Jarbo_street_walking,street,1.0,
,,study_trials,Chiba-kun_restaurant-with-woman_eating-1.mp4,,,,,43,enc_random,studied,Chiba-kun,Chiba-kun_restaurant-with-woman_eating,restaurant-with-woman,1.0,
,,study_trials,Jarbo_alley_waving-with-crowd-0.mp4,,,,,44,enc_random,studied,Jarbo,Jarbo_alley_waving-with-crowd,alley,0.0,
,,study_trials,Shimanekko_white-building_meeting-woman-0.mp4,,,,,45,enc_random,studied,Shimanekko,Shimanekko_white-building_meeting-woman,white-building,0.0,
,,study_trials,Shimanekko_exploring-museum_exploring-museum-1.mp4,,,,,46,enc_random,studied,Shimanekko,Shimanekko_exploring-museum_exploring-museum,exploring-museum,1.0,
,,study_trials,Shimanekko_park_greeting-viewer-0.mp4,,,,,47,enc_random,studied,Shimanekko,Shimanekko_park_greeting-viewer,park,0.0,
,,recog_instructions,none,,,,,0,instructions,none,none,none,none,0.0,
,,test_trials,Kapal_outside-of-building_standing-0.mp4,,,,,0,recog_random,studied,Kapal,Kapal_outside-of-building_standing,outside-of-building,0.0,
,,test_trials,Chiba-kun_restaurant-alone_eating-2.mp4,,,,,1,recog_random,studied,Chiba-kun,Chiba-kun_restaurant-alone_eating,restaurant-alone,2.0,
,,test_trials,Kapal_beers_drinking-1.mp4,,,,,2,recog_random,studied,Kapal,Kapal_beers_drinking,beers,1.0,
,,test_trials,Chiba-kun_sleeping_waking-up-0.mp4,,,,,3,recog_random,lure,Chiba-kun,Chiba-kun_sleeping_waking-up,sleeping,0.0,
,,test_trials,Chiba-kun_strawberry-greenhouse_picking-strawberries-0.mp4,,,,,4,recog_random,studied,Chiba-kun,Chiba-kun_strawberry-greenhouse_picking-strawberries,strawberry-greenhouse,0.0,
,,test_trials,Chiba-kun_lake_taking-pictures-with-girl-0.mp4,,,,,5,recog_random,studied,Chiba-kun,Chiba-kun_lake_taking-pictures-with-girl,lake,0.0,
,,test_trials,Jarbo_bus-1_stepping-off-0.mp4,,,,,6,recog_random,studied,Jarbo,Jarbo_bus-1_stepping-off,bus-1,0.0,
,,test_trials,Kapal_blackbox-performance_dancing-0.mp4,,,,,7,recog_random,lure,Kapal,Kapal_blackbox-performance_dancing,blackbox-performance,0.0,
,,test_trials,Kapal_bathtub_taking-bath-0.mp4,,,,,8,recog_random,lure,Kapal,Kapal_bathtub_taking-bath,bathtub,0.0,
,,test_trials,Jarbo_group-dance-on-stage_dancing-0.mp4,,,,,9,recog_random,lure,Jarbo,Jarbo_group-dance-on-stage_dancing,group-dance-on-stage,0.0,
,,test_trials,Kapal_hallway_marching-0.mp4,,,,,10,recog_random,lure,Kapal,Kapal_hallway_marching,hallway,0.0,
,,test_trials,Chiba-kun_gondala_riding-2.mp4,,,,,11,recog_random,lure,Chiba-kun,Chiba-kun_gondala_riding,gondala,2.0,
,,test_trials,Kapal_hallway_dancing-0.mp4,,,,,12,recog_random,studied,Kapal,Kapal_hallway_dancing,hallway,0.0,
,,test_trials,Shimanekko_park_greeting-viewer-0.mp4,,,,,13,recog_random,studied,Shimanekko,Shimanekko_park_greeting-viewer,park,0.0,
,,test_trials,Jarbo_cheerleaders_school-assembly-0.mp4,,,,,14,recog_random,studied,Jarbo,Jarbo_cheerleaders_school-assembly,cheerleaders,0.0,
,,test_trials,Jarbo_train-station_waving-0.mp4,,,,,15,recog_random,studied,Jarbo,Jarbo_train-station_waving,train-station,0.0,
,,test_trials,Shimanekko_beach_dusting-off-sand-while-standing-up-0.mp4,,,,,16,recog_random,studied,Shimanekko,Shimanekko_beach_dusting-off-sand-while-standing-up,beach,0.0,
,,test_trials,Chiba-kun_walking-in-street_sightseeing-0.mp4,,,,,17,recog_random,lure,Chiba-kun,Chiba-kun_walking-in-street_sightseeing,walking-in-street,0.0,
,,test_trials,Chiba-kun_train-station_waving-0.mp4,,,,,18,recog_random,studied,Chiba-kun,Chiba-kun_train-station_waving,train-station,0.0,
,,test_trials,Kapal_interview_dancing-0.mp4,,,,,19,recog_random,studied,Kapal,Kapal_interview_dancing,interview,0.0,
,,test_trials,Jarbo_factory-2_walking-around-0.mp4,,,,,20,recog_random,lure,Jarbo,Jarbo_factory-2_walking-around,factory-2,0.0,
,,test_trials,Kapal_front-desk_talking-to-dancer-0.mp4,,,,,21,recog_random,lure,Kapal,Kapal_front-desk_talking-to-dancer,front-desk,0.0,
,,test_trials,Shimanekko_museum-signs_dancing-0.mp4,,,,,22,recog_random,lure,Shimanekko,Shimanekko_museum-signs_dancing,museum-signs,0.0,
,,test_trials,Chiba-kun_waterfront_looking-out-to-waterfront-0.mp4,,,,,23,recog_random,studied,Chiba-kun,Chiba-kun_waterfront_looking-out-to-waterfront,waterfront,0.0,
,,test_trials,Shimanekko_water-lookout_walking-looking-at-nature-0.mp4,,,,,24,recog_random,lure,Shimanekko,Shimanekko_water-lookout_walking-looking-at-nature,water-lookout,0.0,
,,test_trials,Kapal_dance-performance_dancing-0.mp4,,,,,25,recog_random,studied,Kapal,Kapal_dance-performance_dancing,dance-performance,0.0,
,,test_trials,Jarbo_zoo-1_being-filmed-2.mp4,,,,,26,recog_random,lure,Jarbo,Jarbo_zoo-1_being-filmed,zoo-1,2.0,
,,test_trials,Jarbo_building-3_taking-pictures-0.mp4,,,,,27,recog_random,lure,Jarbo,Jarbo_building-3_taking-pictures,building-3,0.0,
,,test_trials,Chiba-kun_dancing_dancing-with-fireworks-1.mp4,,,,,28,recog_random,lure,Chiba-kun,Chiba-kun_dancing_dancing-with-fireworks,dancing,1.0,
,,test_trials,Jarbo_street_walking-1.mp4,,,,,29,recog_random,studied,Jarbo,Jarbo_street_walking,street,1.0,
,,test_trials,Chiba-kun_office-with-woman_showing-poster-0.mp4,,,,,30,recog_random,studied,Chiba-kun,Chiba-kun_office-with-woman_showing-poster,office-with-woman,0.0,
,,test_trials,Chiba-kun_running_running-with-man-0.mp4,,,,,31,recog_random,studied,Chiba-kun,Chiba-kun_running_running-with-man,running,0.0,
,,test_trials,Chiba-kun_reporters_interview-0.mp4,,,,,32,recog_random,studied,Chiba-kun,Chiba-kun_reporters_interview,reporters,0.0,
,,test_trials,Shimanekko_clothing-design_looking-0.mp4,,,,,33,recog_random,lure,Shimanekko,Shimanekko_clothing-design_looking,clothing-design,0.0,
,,test_trials,Shimanekko_clothing-design_waving-with-dressed-up-woman-0.mp4,,,,,34,recog_random,lure,Shimanekko,Shimanekko_clothing-design_waving-with-dressed-up-woman,clothing-design,0.0,
,,test_trials,Kapal_white-hills_walking-1.mp4,,,,,35,recog_random,studied,Kapal,Kapal_white-hills_walking,white-hills,1.0,
,,test_trials,Jarbo_ammusement-ride-2_meeting-workers-0.mp4,,,,,36,recog_random,lure,Jarbo,Jarbo_ammusement-ride-2_meeting-workers,ammusement-ride-2,0.0,
,,test_trials,Shimanekko_outside-house_walking-with-mascot-0.mp4,,,,,37,recog_random,lure,Shimanekko,Shimanekko_outside-house_walking-with-mascot,outside-house,0.0,
,,test_trials,Chiba-kun_beach_rescued-0.mp4,,,,,38,recog_random,lure,Chiba-kun,Chiba-kun_beach_rescued,beach,0.0,
,,test_trials,Kapal_bathtub_going-in-bathroom-0.mp4,,,,,39,recog_random,lure,Kapal,Kapal_bathtub_going-in-bathroom,bathtub,0.0,
,,test_trials,Chiba-kun_waterfront_waving-0.mp4,,,,,40,recog_random,lure,Chiba-kun,Chiba-kun_waterfront_waving,waterfront,0.0,
,,test_trials,Shimanekko_back-porch_walking-1.mp4,,,,,41,recog_random,lure,Shimanekko,Shimanekko_back-porch_walking,back-porch,1.0,
,,test_trials,Kapal_dance-tutorial_dancing-4.mp4,,,,,42,recog_random,lure,Kapal,Kapal_dance-tutorial_dancing,dance-tutorial,4.0,
,,test_trials,Chiba-kun_christmas-tree_looking-around-0.mp4,,,,,43,recog_random,lure,Chiba-kun,Chiba-kun_christmas-tree_looking-around,christmas-tree,0.0,
,,test_trials,Jarbo_mall-3_dancing-with-crowd-0.mp4,,,,,44,recog_random,lure,Jarbo,Jarbo_mall-3_dancing-with-crowd,mall-3,0.0,
,,test_trials,Kapal_interview_talking-0.mp4,,,,,45,recog_random,lure,Kapal,Kapal_interview_talking,interview,0.0,
,,test_trials,Shimanekko_aquarium_looking-at-fish-2.mp4,,,,,46,recog_random,lure,Shimanekko,Shimanekko_aquarium_looking-at-fish,aquarium,2.0,
,,test_trials,Shimanekko_bridge_showing-viewer-bridge-0.mp4,,,,,47,recog_random,studied,Shimanekko,Shimanekko_bridge_showing-viewer-bridge,bridge,0.0,
,,test_trials,Shimanekko_museum_talking-with-dressed-up-woman-0.mp4,,,,,48,recog_random,lure,Shimanekko,Shimanekko_museum_talking-with-dressed-up-woman,museum,0.0,
,,test_trials,Jarbo_school-auditorium_dance-routine-1.mp4,,,,,49,recog_random,studied,Jarbo,Jarbo_school-auditorium_dance-routine,school-auditorium,1.0,
,,test_trials,Jarbo_mall-1_introduction-5.mp4,,,,,50,recog_random,studied,Jarbo,Jarbo_mall-1_introduction,mall-1,5.0,
,,test_trials,Chiba-kun_running_running-from-distance-1.mp4,,,,,51,recog_random,studied,Chiba-kun,Chiba-kun_running_running-from-distance,running,1.0,
,,test_trials,Shimanekko_white-building_meeting-woman-0.mp4,,,,,52,recog_random,studied,Shimanekko,Shimanekko_white-building_meeting-woman,white-building,0.0,
,,test_trials,Shimanekko_exploring-museum_exploring-museum-1.mp4,,,,,53,recog_random,studied,Shimanekko,Shimanekko_exploring-museum_exploring-museum,exploring-museum,1.0,
,,test_trials,Jarbo_roof_with-cheerleaders-0.mp4,,,,,54,recog_random,studied,Jarbo,Jarbo_roof_with-cheerleaders,roof,0.0,
,,test_trials,Kapal_batting-cage_batting-9.mp4,,,,,55,recog_random,studied,Kapal,Kapal_batting-cage_batting,batting-cage,9.0,
,,test_trials,Shimanekko_beach_playing-in-sand-while-sitting-0.mp4,,,,,56,recog_random,lure,Shimanekko,Shimanekko_beach_playing-in-sand-while-sitting,beach,0.0,
,,test_trials,Chiba-kun_tea-ceremony_drinking-tea-0.mp4,,,,,57,recog_random,studied,Chiba-kun,Chiba-kun_tea-ceremony_drinking-tea,tea-ceremony,0.0,
,,test_trials,Shimanekko_inside-house_crafting-0.mp4,,,,,58,recog_random,lure,Shimanekko,Shimanekko_inside-house_crafting,inside-house,0.0,
,,test_trials,Shimanekko_fields_stretching-0.mp4,,,,,59,recog_random,studied,Shimanekko,Shimanekko_fields_stretching,fields,0.0,
,,test_trials,Shimanekko_walking-around-outside-a-building_posing-for-a-picture-0.mp4,,,,,60,recog_random,studied,Shimanekko,Shimanekko_walking-around-outside-a-building_posing-for-a-picture,walking-around-outside-a-building,0.0,
,,test_trials,Kapal_bathtub_going-in-bathtub-0.mp4,,,,,61,recog_random,studied,Kapal,Kapal_bathtub_going-in-bathtub,bathtub,0.0,
,,test_trials,Chiba-kun_pot_exploring-3.mp4,,,,,62,recog_random,lure,Chiba-kun,Chiba-kun_pot_exploring,pot,3.0,
,,test_trials,Jarbo_outside_with-crowd-0.mp4,,,,,63,recog_random,lure,Jarbo,Jarbo_outside_with-crowd,outside,0.0,
,,test_trials,Chiba-kun_train-station_running-after-train-0.mp4,,,,,64,recog_random,lure,Chiba-kun,Chiba-kun_train-station_running-after-train,train-station,0.0,
,,test_trials,Jarbo_ceremony_standing-with-people-in-ceremony-0.mp4,,,,,65,recog_random,lure,Jarbo,Jarbo_ceremony_standing-with-people-in-ceremony,ceremony,0.0,
,,test_trials,Shimanekko_classroom_bowing-with-woman-1.mp4,,,,,66,recog_random,studied,Shimanekko,Shimanekko_classroom_bowing-with-woman,classroom,1.0,
,,test_trials,Kapal_bobble-head_bobbiling-0.mp4,,,,,67,recog_random,lure,Kapal,Kapal_bobble-head_bobbiling,bobble-head,0.0,
,,test_trials,Shimanekko_indoor-event_posing-for-pictures-with-children-0.mp4,,,,,68,recog_random,studied,Shimanekko,Shimanekko_indoor-event_posing-for-pictures-with-children,indoor-event,0.0,
,,test_trials,Chiba-kun_restuarant_eating-0.mp4,,,,,69,recog_random,lure,Chiba-kun,Chiba-kun_restuarant_eating,restuarant,0.0,
,,test_trials,Chiba-kun_stairs_walking-while-praying-0.mp4,,,,,70,recog_random,studied,Chiba-kun,Chiba-kun_stairs_walking-while-praying,stairs,0.0,
,,test_trials,Jarbo_street-2_with-tennis-players-1.mp4,,,,,71,recog_random,studied,Jarbo,Jarbo_street-2_with-tennis-players,street-2,1.0,
,,test_trials,Shimanekko_scientist_learning-1.mp4,,,,,72,recog_random,studied,Shimanekko,Shimanekko_scientist_learning,scientist,1.0,
,,test_trials,Jarbo_park_dancing-1.mp4,,,,,73,recog_random,studied,Jarbo,Jarbo_park_dancing,park,1.0,
,,test_trials,Jarbo_bus_boarding-bus-0.mp4,,,,,74,recog_random,studied,Jarbo,Jarbo_bus_boarding-bus,bus,0.0,
,,test_trials,Jarbo_meeting-2_walking-out-0.mp4,,,,,75,recog_random,lure,Jarbo,Jarbo_meeting-2_walking-out,meeting-2,0.0,
,,test_trials,Shimanekko_library_looking-for-book-0.mp4,,,,,76,recog_random,studied,Shimanekko,Shimanekko_library_looking-for-book,library,0.0,
,,test_trials,Kapal_hallway_running-and-posing-0.mp4,,,,,77,recog_random,studied,Kapal,Kapal_hallway_running-and-posing,hallway,0.0,
,,test_trials,Shimanekko_school-hallway_running-0.mp4,,,,,78,recog_random,lure,Shimanekko,Shimanekko_school-hallway_running,school-hallway,0.0,
,,test_trials,Kapal_white-hills_bouncing-0.mp4,,,,,79,recog_random,lure,Kapal,Kapal_white-hills_bouncing,white-hills,0.0,
,,test_trials,Kapal_meet-and-greet_showing-people-green-object-0.mp4,,,,,80,recog_random,lure,Kapal,Kapal_meet-and-greet_showing-people-green-object,meet-and-greet,0.0,
,,test_trials,Chiba-kun_dancing_dancing-with-backgroung-1.mp4,,,,,81,recog_random,lure,Chiba-kun,Chiba-kun_dancing_dancing-with-backgroung,dancing,1.0,
,,test_trials,Chiba-kun_restaurant-with-woman_eating-1.mp4,,,,,82,recog_random,studied,Chiba-kun,Chiba-kun_restaurant-with-woman_eating,restaurant-with-woman,1.0,
,,test_trials,Kapal_learning-dance_learning-dance-1.mp4,,,,,83,recog_random,studied,Kapal,Kapal_learning-dance_learning-dance,learning-dance,1.0,
,,test_trials,Kapal_outside-of-building_going-inside-1.mp4,,,,,84,recog_random,lure,Kapal,Kapal_outside-of-building_going-inside,outside-of-building,1.0,
,,test_trials,Shimanekko_fields_thinking-about-food-0.mp4,,,,,85,recog_random,lure,Shimanekko,Shimanekko_fields_thinking-about-food,fields,0.0,
,,test_trials,Shimanekko_with-wood_explaining-0.mp4,,,,,86,recog_random,studied,Shimanekko,Shimanekko_with-wood_explaining,with-wood,0.0,
,,test_trials,Jarbo_congress_listening-0.mp4,,,,,87,recog_random,lure,Jarbo,Jarbo_congress_listening,congress,0.0,
,,test_trials,Jarbo_alley_waving-with-crowd-0.mp4,,,,,88,recog_random,studied,Jarbo,Jarbo_alley_waving-with-crowd,alley,0.0,
,,test_trials,Kapal_outside-dance-studio_looking-inside-3.mp4,,,,,89,recog_random,studied,Kapal,Kapal_outside-dance-studio_looking-inside,outside-dance-studio,3.0,
,,test_trials,Kapal_blackbox-performance_petting-0.mp4,,,,,90,recog_random,lure,Kapal,Kapal_blackbox-performance_petting,blackbox-performance,0.0,
,,test_trials,Jarbo_ammusement-ride-1_dancing-0.mp4,,,,,91,recog_random,lure,Jarbo,Jarbo_ammusement-ride-1_dancing,ammusement-ride-1,0.0,
,,test_trials,Jarbo_group-dance-1_standing-with-banner-1.mp4,,,,,92,recog_random,lure,Jarbo,Jarbo_group-dance-1_standing-with-banner,group-dance-1,1.0,
,,test_trials,Kapal_riding-chair_rolling-in-chair-0.mp4,,,,,93,recog_random,studied,Kapal,Kapal_riding-chair_rolling-in-chair,riding-chair,0.0,
,,test_trials,Chiba-kun_office-with-woman_bowing-0.mp4,,,,,94,recog_random,lure,Chiba-kun,Chiba-kun_office-with-woman_bowing,office-with-woman,0.0,
,,test_trials,Jarbo_mall-2_dancing-0.mp4,,,,,95,recog_random,studied,Jarbo,Jarbo_mall-2_dancing,mall-2,0.0,
,,enc_instructions,none,,,,,0,instructions,none,none,none,none,0.0,
,,mascot_familiarization,takinomichi-yuzuru.jpeg,,,,,0,mascot_familiarization_ordered,mascot_stills,takinomichi-yuzuru.jpeg,takinomichi-yuzuru.jpeg,,,
,,mascot_familiarization,ono-joe.jpeg,,,,,1,mascot_familiarization_ordered,mascot_stills,ono-joe.jpeg,ono-joe.jpeg,,,
,,mascot_familiarization,fukaya-white-background.jpeg,,,,,2,mascot_familiarization_ordered,mascot_stills,fukaya-white-background.jpeg,fukaya-white-background.jpeg,,,
,,mascot_familiarization,kounudoun.jpg,,,,,3,mascot_familiarization_ordered,mascot_stills,kounudoun.jpg,kounudoun.jpg,,,
,,fam_enc_transition,none,,,,,0,instructions,none,none,none,none,0.0,
,,study_trials,TakinomichiYuzuru_street-market-2_watching-food-being-cooked-0.mp4,,,,,0,enc_ordered,studied,TakinomichiYuzuru,TakinomichiYuzuru_street-market-2_watching-food-being-cooked,3/2/01,0.0,
,,study_trials,Kounudoun_stage-with-banner_dancing-0.mp4,,,,,1,enc_ordered,studied,Kounudoun,Kounudoun_stage-with-banner_dancing,stage-with-banner,0.0,
,,study_trials,Fukaya_exercise-class_turning-0.mp4,,,,,2,enc_ordered,studied,Fukaya,Fukaya_exercise-class_turning,exercise-class,0.0,
,,study_trials,OnoJoe_on-stage-2_talking-to-announcers-0.mp4,,,,,3,enc_ordered,studied,OnoJoe,OnoJoe_on-stage-2_talking-to-announcers,on-stage-2,0.0,
,,study_trials,TakinomichiYuzuru_dance-with-large-group_dance-with-black-shirts-2-0.mp4,,,,,4,enc_ordered,studied,TakinomichiYuzuru,TakinomichiYuzuru_dance-with-large-group_dance-with-black-shirts-2,dance-with-large-group,0.0,
,,study_trials,Kounudoun_grass_dancing-0.mp4,,,,,5,enc_ordered,studied,Kounudoun,Kounudoun_grass_dancing,grass,0.0,
,,study_trials,Fukaya_CPR_practicing-CPR-2.mp4,,,,,6,enc_ordered,studied,Fukaya,Fukaya_CPR_practicing-CPR,CPR,2.0,
,,study_trials,OnoJoe_interview-in-street-2_walking-with-interviewer-0.mp4,,,,,7,enc_ordered,studied,OnoJoe,OnoJoe_interview-in-street-2_walking-with-interviewer,interview-in-street-2,0.0,
,,study_trials,TakinomichiYuzuru_cheerleaders_dancing-behind-banner-0.mp4,,,,,8,enc_ordered,studied,TakinomichiYuzuru,TakinomichiYuzuru_cheerleaders_dancing-behind-banner,cheerleaders,0.0,
,,study_trials,Kounudoun_with-tourist-kids_posing-pictures-0.mp4,,,,,9,enc_ordered,studied,Kounudoun,Kounudoun_with-tourist-kids_posing-pictures,with-tourist-kids,0.0,
,,study_trials,Fukaya_scale_stepping-on-scale-0.mp4,,,,,10,enc_ordered,studied,Fukaya,Fukaya_scale_stepping-on-scale,scale,0.0,
,,study_trials,OnoJoe_small-crowd-2_touching-hair-0.mp4,,,,,11,enc_ordered,studied,OnoJoe,OnoJoe_small-crowd-2_touching-hair,small-crowd-2,0.0,
,,study_trials,TakinomichiYuzuru_dance-with-large-group_dance-with-black-shirts-1-0.mp4,,,,,12,enc_ordered,studied,TakinomichiYuzuru,TakinomichiYuzuru_dance-with-large-group_dance-with-black-shirts-1,dance-with-large-group,0.0,
,,study_trials,Kounudoun_signing-table_writing-0.mp4,,,,,13,enc_ordered,studied,Kounudoun,Kounudoun_signing-table_writing,signing-table,0.0,
,,study_trials,Fukaya_lobster_walking-by-lobster-resturant-0.mp4,,,,,14,enc_ordered,studied,Fukaya,Fukaya_lobster_walking-by-lobster-resturant,lobster,0.0,
,,study_trials,OnoJoe_rooftop_dancing-0.mp4,,,,,15,enc_ordered,studied,OnoJoe,OnoJoe_rooftop_dancing,rooftop,0.0,
,,study_trials,TakinomichiYuzuru_hotel_entering-hotel-0.mp4,,,,,16,enc_ordered,studied,TakinomichiYuzuru,TakinomichiYuzuru_hotel_entering-hotel,hotel,0.0,
,,study_trials,Kounudoun_auditroium-stage_winner-0.mp4,,,,,17,enc_ordered,studied,Kounudoun,Kounudoun_auditroium-stage_winner,auditroium-stage,0.0,
,,study_trials,Fukaya_meet-and-greet_waving-in-mall-0.mp4,,,,,18,enc_ordered,studied,Fukaya,Fukaya_meet-and-greet_waving-in-mall,meet-and-greet,0.0,
,,study_trials,OnoJoe_glass-building_dancing-0.mp4,,,,,19,enc_ordered,studied,OnoJoe,OnoJoe_glass-building_dancing,glass-building,0.0,
,,study_trials,TakinomichiYuzuru_street-market-1_running-0.mp4,,,,,20,enc_ordered,studied,TakinomichiYuzuru,TakinomichiYuzuru_street-market-1_running,3/1/01,0.0,
,,study_trials,Kounudoun_beach_walking-with-bag-0.mp4,,,,,21,enc_ordered,studied,Kounudoun,Kounudoun_beach_walking-with-bag,beach,0.0,
,,study_trials,Fukaya_exercise-class_bending-knees-0.mp4,,,,,22,enc_ordered,studied,Fukaya,Fukaya_exercise-class_bending-knees,exercise-class,0.0,
,,study_trials,OnoJoe_room-with-curtains_dancing-0.mp4,,,,,23,enc_ordered,studied,OnoJoe,OnoJoe_room-with-curtains_dancing,room-with-curtains,0.0,
,,study_trials,TakinomichiYuzuru_dance-stage-performance_dancing-0.mp4,,,,,24,enc_ordered,studied,TakinomichiYuzuru,TakinomichiYuzuru_dance-stage-performance_dancing,dance-stage-performance,0.0,
,,study_trials,Kounudoun_sidewalk-2_walking-with-guide-0.mp4,,,,,25,enc_ordered,studied,Kounudoun,Kounudoun_sidewalk-2_walking-with-guide,sidewalk-2,0.0,
,,study_trials,Fukaya_bench_swaying-0.mp4,,,,,26,enc_ordered,studied,Fukaya,Fukaya_bench_swaying,bench,0.0,
,,study_trials,OnoJoe_on-stage-3_step-clap-with-announcers-0.mp4,,,,,27,enc_ordered,studied,OnoJoe,OnoJoe_on-stage-3_step-clap-with-announcers,on-stage-3,0.0,
,,study_trials,TakinomichiYuzuru_robes-dancing_mascot-on-side-of-group-1.mp4,,,,,28,enc_ordered,studied,TakinomichiYuzuru,TakinomichiYuzuru_robes-dancing_mascot-on-side-of-group,robes-dancing,1.0,
,,study_trials,Kounudoun_road-by-water_biking-0.mp4,,,,,29,enc_ordered,studied,Kounudoun,Kounudoun_road-by-water_biking,road-by-water,0.0,
,,study_trials,Fukaya_sitting-at-craft-table_making-drawing-of-Fukaya-0.mp4,,,,,30,enc_ordered,studied,Fukaya,Fukaya_sitting-at-craft-table_making-drawing-of-Fukaya,sitting-at-craft-table,0.0,
,,study_trials,OnoJoe_grey-brick-building_dancing-0.mp4,,,,,31,enc_ordered,studied,OnoJoe,OnoJoe_grey-brick-building_dancing,grey-brick-building,0.0,
,,study_trials,TakinomichiYuzuru_waterfall-4_people-run-up-0.mp4,,,,,32,enc_ordered,studied,TakinomichiYuzuru,TakinomichiYuzuru_waterfall-4_people-run-up,waterfall-4,0.0,
,,study_trials,Kounudoun_street-fair-2_talking-to-kids-0.mp4,,,,,33,enc_ordered,studied,Kounudoun,Kounudoun_street-fair-2_talking-to-kids,street-fair-2,0.0,
,,study_trials,Fukaya_restaurants_walking-outside-resturants-0.mp4,,,,,34,enc_ordered,studied,Fukaya,Fukaya_restaurants_walking-outside-resturants,restaurants,0.0,
,,study_trials,OnoJoe_weird-interviewer_dancing-with-him-0.mp4,,,,,35,enc_ordered,studied,OnoJoe,OnoJoe_weird-interviewer_dancing-with-him,weird-interviewer,0.0,
,,study_trials,TakinomichiYuzuru_dance-with-large-group_dance-with-black-shirts-5-2.mp4,,,,,36,enc_ordered,studied,TakinomichiYuzuru,TakinomichiYuzuru_dance-with-large-group_dance-with-black-shirts-5,dance-with-large-group,2.0,
,,study_trials,Kounudoun_park-with-audience_performing-0.mp4,,,,,37,enc_ordered,studied,Kounudoun,Kounudoun_park-with-audience_performing,park-with-audience,0.0,
,,study_trials,Fukaya_exercise-class_stretching-back-0.mp4,,,,,38,enc_ordered,studied,Fukaya,Fukaya_exercise-class_stretching-back,exercise-class,0.0,
,,study_trials,OnoJoe_dark-building_dancing-1.mp4,,,,,39,enc_ordered,studied,OnoJoe,OnoJoe_dark-building_dancing,dark-building,1.0,
,,study_trials,TakinomichiYuzuru_waterfall-3_entering-train-turnstile-0.mp4,,,,,40,enc_ordered,studied,TakinomichiYuzuru,TakinomichiYuzuru_waterfall-3_entering-train-turnstile,waterfall-3,0.0,
,,study_trials,Kounudoun_street-fair-1_walking-0.mp4,,,,,41,enc_ordered,studied,Kounudoun,Kounudoun_street-fair-1_walking,street-fair-1,0.0,
,,study_trials,Fukaya_exercise-class_finishing-pose-0.mp4,,,,,42,enc_ordered,studied,Fukaya,Fukaya_exercise-class_finishing-pose,exercise-class,0.0,
,,study_trials,OnoJoe_highway_dancing-0.mp4,,,,,43,enc_ordered,studied,OnoJoe,OnoJoe_highway_dancing,highway,0.0,
,,study_trials,TakinomichiYuzuru_dance-studio_dancing-0.mp4,,,,,44,enc_ordered,studied,TakinomichiYuzuru,TakinomichiYuzuru_dance-studio_dancing,dance-studio,0.0,
,,study_trials,Kounudoun_office_coming-in-office-0.mp4,,,,,45,enc_ordered,studied,Kounudoun,Kounudoun_office_coming-in-office,office,0.0,
,,study_trials,Fukaya_group-dance_dance-with-friends-0.mp4,,,,,46,enc_ordered,studied,Fukaya,Fukaya_group-dance_dance-with-friends,group-dance,0.0,
,,study_trials,OnoJoe_city-overlook_dancing-1.mp4,,,,,47,enc_ordered,studied,OnoJoe,OnoJoe_city-overlook_dancing,city-overlook,1.0,
,,recog_instructions,none,,,,,0,instructions,none,none,none,none,0.0,
,,test_trials,TakinomichiYuzuru_street-market-1_running-0.mp4,,,,,0,recog_ordered,studied,TakinomichiYuzuru,TakinomichiYuzuru_street-market-1_running,3/1/01,0.0,
,,test_trials,Kounudoun_stage-with-banner_dancing-0.mp4,,,,,1,recog_ordered,studied,Kounudoun,Kounudoun_stage-with-banner_dancing,stage-with-banner,0.0,
,,test_trials,Fukaya_scale_stepping-on-scale-0.mp4,,,,,2,recog_ordered,studied,Fukaya,Fukaya_scale_stepping-on-scale,scale,0.0,
,,test_trials,OnoJoe_small-crowd-2_touching-hair-0.mp4,,,,,3,recog_ordered,studied,OnoJoe,OnoJoe_small-crowd-2_touching-hair,small-crowd-2,0.0,
,,test_trials,TakinomichiYuzuru_dance-studio_dancing-0.mp4,,,,,4,recog_ordered,studied,TakinomichiYuzuru,TakinomichiYuzuru_dance-studio_dancing,dance-studio,0.0,
,,test_trials,Kounudoun_tree-on-street_with-landscaper-0.mp4,,,,,5,recog_ordered,lure,Kounudoun,Kounudoun_tree-on-street_with-landscaper,tree-on-street,0.0,
,,test_trials,Fukaya_CPR_practicing-CPR-2.mp4,,,,,6,recog_ordered,studied,Fukaya,Fukaya_CPR_practicing-CPR,CPR,2.0,
,,test_trials,OnoJoe_park_dancing-0.mp4,,,,,7,recog_ordered,lure,OnoJoe,OnoJoe_park_dancing,park,0.0,
,,test_trials,TakinomichiYuzuru_robes-dancing_mascot-on-side-of-group-1.mp4,,,,,8,recog_ordered,studied,TakinomichiYuzuru,TakinomichiYuzuru_robes-dancing_mascot-on-side-of-group,robes-dancing,1.0,
,,test_trials,Kounudoun_street-with-dancers_towel-with-dancers-0.mp4,,,,,9,recog_ordered,lure,Kounudoun,Kounudoun_street-with-dancers_towel-with-dancers,street-with-dancers,0.0,
,,test_trials,Fukaya_bench_swaying-0.mp4,,,,,10,recog_ordered,studied,Fukaya,Fukaya_bench_swaying,bench,0.0,
,,test_trials,OnoJoe_weird-interviewer_dancing-with-him-0.mp4,,,,,11,recog_ordered,studied,OnoJoe,OnoJoe_weird-interviewer_dancing-with-him,weird-interviewer,0.0,
,,test_trials,TakinomichiYuzuru_waterfall-4_people-run-up-0.mp4,,,,,12,recog_ordered,studied,TakinomichiYuzuru,TakinomichiYuzuru_waterfall-4_people-run-up,waterfall-4,0.0,
,,test_trials,Kounudoun_park-with-audience_performing-0.mp4,,,,,13,recog_ordered,studied,Kounudoun,Kounudoun_park-with-audience_performing,park-with-audience,0.0,
,,test_trials,Fukaya_presents_recieving-gifts-0.mp4,,,,,14,recog_ordered,lure,Fukaya,Fukaya_presents_recieving-gifts,presents,0.0,
,,test_trials,OnoJoe_solo-dance-on-stage_back-turned-with-announcer-0.mp4,,,,,15,recog_ordered,lure,OnoJoe,OnoJoe_solo-dance-on-stage_back-turned-with-announcer,solo-dance-on-stage,0.0,
,,test_trials,TakinomichiYuzuru_dance-with-large-group_dance-with-black-shirts-6-2.mp4,,,,,16,recog_ordered,lure,TakinomichiYuzuru,TakinomichiYuzuru_dance-with-large-group_dance-with-black-shirts-6,dance-with-large-group,2.0,
,,test_trials,Kounudoun_doorway_walking-in-door-0.mp4,,,,,17,recog_ordered,lure,Kounudoun,Kounudoun_doorway_walking-in-door,doorway,0.0,
,,test_trials,Fukaya_sitting-at-craft-table_making-drawing-of-Fukaya-0.mp4,,,,,18,recog_ordered,studied,Fukaya,Fukaya_sitting-at-craft-table_making-drawing-of-Fukaya,sitting-at-craft-table,0.0,
,,test_trials,OnoJoe_on-stage-3_step-clap-with-announcers-0.mp4,,,,,19,recog_ordered,studied,OnoJoe,OnoJoe_on-stage-3_step-clap-with-announcers,on-stage-3,0.0,
,,test_trials,TakinomichiYuzuru_waterfall-3_entering-train-turnstile-0.mp4,,,,,20,recog_ordered,studied,TakinomichiYuzuru,TakinomichiYuzuru_waterfall-3_entering-train-turnstile,waterfall-3,0.0,
,,test_trials,Kounudoun_fair_walking-0.mp4,,,,,21,recog_ordered,lure,Kounudoun,Kounudoun_fair_walking,fair,0.0,
,,test_trials,Fukaya_meet-and-greet_waving-in-mall-0.mp4,,,,,22,recog_ordered,studied,Fukaya,Fukaya_meet-and-greet_waving-in-mall,meet-and-greet,0.0,
,,test_trials,OnoJoe_modern-building_dancing-0.mp4,,,,,23,recog_ordered,lure,OnoJoe,OnoJoe_modern-building_dancing,modern-building,0.0,
,,test_trials,TakinomichiYuzuru_dance-stage-performance_dancing-0.mp4,,,,,24,recog_ordered,studied,TakinomichiYuzuru,TakinomichiYuzuru_dance-stage-performance_dancing,dance-stage-performance,0.0,
,,test_trials,Kounudoun_grass_dancing-0.mp4,,,,,25,recog_ordered,studied,Kounudoun,Kounudoun_grass_dancing,grass,0.0,
,,test_trials,Fukaya_exercise-class_finishing-pose-0.mp4,,,,,26,recog_ordered,studied,Fukaya,Fukaya_exercise-class_finishing-pose,exercise-class,0.0,
,,test_trials,OnoJoe_rooftop_dancing-0.mp4,,,,,27,recog_ordered,studied,OnoJoe,OnoJoe_rooftop_dancing,rooftop,0.0,
,,test_trials,TakinomichiYuzuru_dance-with-large-group_dance-with-black-shirts-5-2.mp4,,,,,28,recog_ordered,studied,TakinomichiYuzuru,TakinomichiYuzuru_dance-with-large-group_dance-with-black-shirts-5,dance-with-large-group,2.0,
,,test_trials,Kounudoun_performance_on-stage-0.mp4,,,,,29,recog_ordered,lure,Kounudoun,Kounudoun_performance_on-stage,performance,0.0,
,,test_trials,Fukaya_waving_waving-goodbye-0.mp4,,,,,30,recog_ordered,lure,Fukaya,Fukaya_waving_waving-goodbye,waving,0.0,
,,test_trials,OnoJoe_dance-in-front-of-white-tents_dance-routine-0.mp4,,,,,31,recog_ordered,lure,OnoJoe,OnoJoe_dance-in-front-of-white-tents_dance-routine,dance-in-front-of-white-tents,0.0,
,,test_trials,TakinomichiYuzuru_highway_dancing-and-walking-0.mp4,,,,,32,recog_ordered,lure,TakinomichiYuzuru,TakinomichiYuzuru_highway_dancing-and-walking,highway,0.0,
,,test_trials,Kounudoun_street-fair-3_colliding-with-man-0.mp4,,,,,33,recog_ordered,lure,Kounudoun,Kounudoun_street-fair-3_colliding-with-man,street-fair-3,0.0,
,,test_trials,Fukaya_CPR_watching-demonstration-0.mp4,,,,,34,recog_ordered,lure,Fukaya,Fukaya_CPR_watching-demonstration,CPR,0.0,
,,test_trials,OnoJoe_small-crowd-1_intro-to-crowd-0.mp4,,,,,35,recog_ordered,lure,OnoJoe,OnoJoe_small-crowd-1_intro-to-crowd,small-crowd-1,0.0,
,,test_trials,TakinomichiYuzuru_waterfall-7_walking-alone-0.mp4,,,,,36,recog_ordered,lure,TakinomichiYuzuru,TakinomichiYuzuru_waterfall-7_walking-alone,waterfall-7,0.0,
,,test_trials,Kounudoun_stairs-of-building_dancing-with-lady-0.mp4,,,,,37,recog_ordered,lure,Kounudoun,Kounudoun_stairs-of-building_dancing-with-lady,stairs-of-building,0.0,
,,test_trials,Fukaya_speech_standing-1.mp4,,,,,38,recog_ordered,lure,Fukaya,Fukaya_speech_standing,speech,1.0,
,,test_trials,OnoJoe_room-with-curtains_dancing-0.mp4,,,,,39,recog_ordered,studied,OnoJoe,OnoJoe_room-with-curtains_dancing,room-with-curtains,0.0,
,,test_trials,TakinomichiYuzuru_bus-2_looing-out-window-0.mp4,,,,,40,recog_ordered,lure,TakinomichiYuzuru,TakinomichiYuzuru_bus-2_looing-out-window,bus-2,0.0,
,,test_trials,Kounudoun_street-fair-1_walking-0.mp4,,,,,41,recog_ordered,studied,Kounudoun,Kounudoun_street-fair-1_walking,street-fair-1,0.0,
,,test_trials,Fukaya_lobster_walking-by-lobster-resturant-0.mp4,,,,,42,recog_ordered,studied,Fukaya,Fukaya_lobster_walking-by-lobster-resturant,lobster,0.0,
,,test_trials,OnoJoe_grey-brick-building_dancing-0.mp4,,,,,43,recog_ordered,studied,OnoJoe,OnoJoe_grey-brick-building_dancing,grey-brick-building,0.0,
,,test_trials,TakinomichiYuzuru_street-market-2_watching-food-being-cooked-0.mp4,,,,,44,recog_ordered,studied,TakinomichiYuzuru,TakinomichiYuzuru_street-market-2_watching-food-being-cooked,3/2/01,0.0,
,,test_trials,Kounudoun_road-by-water_biking-0.mp4,,,,,45,recog_ordered,studied,Kounudoun,Kounudoun_road-by-water_biking,road-by-water,0.0,
,,test_trials,Fukaya_exercise-class_bending-knees-0.mp4,,,,,46,recog_ordered,studied,Fukaya,Fukaya_exercise-class_bending-knees,exercise-class,0.0,
,,test_trials,OnoJoe_suburban-area_dancing-1.mp4,,,,,47,recog_ordered,lure,OnoJoe,OnoJoe_suburban-area_dancing,suburban-area,1.0,
,,test_trials,TakinomichiYuzuru_dance-with-large-group_dance-with-black-shirts-1-0.mp4,,,,,48,recog_ordered,studied,TakinomichiYuzuru,TakinomichiYuzuru_dance-with-large-group_dance-with-black-shirts-1,dance-with-large-group,0.0,
,,test_trials,Kounudoun_office_coming-in-office-0.mp4,,,,,49,recog_ordered,studied,Kounudoun,Kounudoun_office_coming-in-office,office,0.0,
,,test_trials,Fukaya_exercise-class_turning-0.mp4,,,,,50,recog_ordered,studied,Fukaya,Fukaya_exercise-class_turning,exercise-class,0.0,
,,test_trials,OnoJoe_city-overlook_dancing-1.mp4,,,,,51,recog_ordered,studied,OnoJoe,OnoJoe_city-overlook_dancing,city-overlook,1.0,
,,test_trials,TakinomichiYuzuru_waterfall-9_skipping-0.mp4,,,,,52,recog_ordered,lure,TakinomichiYuzuru,TakinomichiYuzuru_waterfall-9_skipping,waterfall-9,0.0,
,,test_trials,Kounudoun_signing-table_writing-0.mp4,,,,,53,recog_ordered,studied,Kounudoun,Kounudoun_signing-table_writing,signing-table,0.0,
,,test_trials,Fukaya_exercise-class_stretching-back-0.mp4,,,,,54,recog_ordered,studied,Fukaya,Fukaya_exercise-class_stretching-back,exercise-class,0.0,
,,test_trials,OnoJoe_driveway-infront-of-building_dancing-0.mp4,,,,,55,recog_ordered,lure,OnoJoe,OnoJoe_driveway-infront-of-building_dancing,driveway-infront-of-building,0.0,
,,test_trials,TakinomichiYuzuru_hotel_entering-hotel-0.mp4,,,,,56,recog_ordered,studied,TakinomichiYuzuru,TakinomichiYuzuru_hotel_entering-hotel,hotel,0.0,
,,test_trials,Kounudoun_auditorium_walks-on-stage-2.mp4,,,,,57,recog_ordered,lure,Kounudoun,Kounudoun_auditorium_walks-on-stage,auditorium,2.0,
,,test_trials,Fukaya_shopping_looking-at-products-0.mp4,,,,,58,recog_ordered,lure,Fukaya,Fukaya_shopping_looking-at-products,shopping,0.0,
,,test_trials,OnoJoe_interview-in-street-2_walking-with-interviewer-0.mp4,,,,,59,recog_ordered,studied,OnoJoe,OnoJoe_interview-in-street-2_walking-with-interviewer,interview-in-street-2,0.0,
,,test_trials,TakinomichiYuzuru_outdoor-with-announcer_walking-with-man-0.mp4,,,,,60,recog_ordered,lure,TakinomichiYuzuru,TakinomichiYuzuru_outdoor-with-announcer_walking-with-man,outdoor-with-announcer,0.0,
,,test_trials,Kounudoun_street-fair-2_talking-to-kids-0.mp4,,,,,61,recog_ordered,studied,Kounudoun,Kounudoun_street-fair-2_talking-to-kids,street-fair-2,0.0,
,,test_trials,Fukaya_waving-posing-for-pictures_waving-at-camera-0.mp4,,,,,62,recog_ordered,lure,Fukaya,Fukaya_waving-posing-for-pictures_waving-at-camera,waving-posing-for-pictures,0.0,
,,test_trials,OnoJoe_dark-building_dancing-1.mp4,,,,,63,recog_ordered,studied,OnoJoe,OnoJoe_dark-building_dancing,dark-building,1.0,
,,test_trials,TakinomichiYuzuru_waterfall-1_alone-by-benches-0.mp4,,,,,64,recog_ordered,lure,TakinomichiYuzuru,TakinomichiYuzuru_waterfall-1_alone-by-benches,waterfall-1,0.0,
,,test_trials,Kounudoun_outside-grocery-store_walking-with-lady-0.mp4,,,,,65,recog_ordered,lure,Kounudoun,Kounudoun_outside-grocery-store_walking-with-lady,outside-grocery-store,0.0,
,,test_trials,Fukaya_restaurants_walking-outside-resturants-0.mp4,,,,,66,recog_ordered,studied,Fukaya,Fukaya_restaurants_walking-outside-resturants,restaurants,0.0,
,,test_trials,OnoJoe_lakeside_dancing-0.mp4,,,,,67,recog_ordered,lure,OnoJoe,OnoJoe_lakeside_dancing,lakeside,0.0,
,,test_trials,TakinomichiYuzuru_street_walking-1.mp4,,,,,68,recog_ordered,lure,TakinomichiYuzuru,TakinomichiYuzuru_street_walking,street,1.0,
,,test_trials,Kounudoun_auditroium-stage_winner-0.mp4,,,,,69,recog_ordered,studied,Kounudoun,Kounudoun_auditroium-stage_winner,auditroium-stage,0.0,
,,test_trials,Fukaya_exercise-class_jumping-0.mp4,,,,,70,recog_ordered,lure,Fukaya,Fukaya_exercise-class_jumping,exercise-class,0.0,
,,test_trials,OnoJoe_on-stage-1_acknowledging-crowd-0.mp4,,,,,71,recog_ordered,lure,OnoJoe,OnoJoe_on-stage-1_acknowledging-crowd,on-stage-1,0.0,
,,test_trials,TakinomichiYuzuru_dance-with-large-group_dance-with-black-shirts-2-0.mp4,,,,,72,recog_ordered,studied,TakinomichiYuzuru,TakinomichiYuzuru_dance-with-large-group_dance-with-black-shirts-2,dance-with-large-group,0.0,
,,test_trials,Kounudoun_sidewalk-2_walking-with-guide-0.mp4,,,,,73,recog_ordered,studied,Kounudoun,Kounudoun_sidewalk-2_walking-with-guide,sidewalk-2,0.0,
,,test_trials,Fukaya_waving_waving-to-fans-0.mp4,,,,,74,recog_ordered,lure,Fukaya,Fukaya_waving_waving-to-fans,waving,0.0,
,,test_trials,OnoJoe_highway_dancing-0.mp4,,,,,75,recog_ordered,studied,OnoJoe,OnoJoe_highway_dancing,highway,0.0,
,,test_trials,TakinomichiYuzuru_waterfall-2_happy-wedding-sign-0.mp4,,,,,76,recog_ordered,lure,TakinomichiYuzuru,TakinomichiYuzuru_waterfall-2_happy-wedding-sign,waterfall-2,0.0,
,,test_trials,Kounudoun_beach_walking-with-bag-0.mp4,,,,,77,recog_ordered,studied,Kounudoun,Kounudoun_beach_walking-with-bag,beach,0.0,
,,test_trials,Fukaya_exercise-class_dancing-0.mp4,,,,,78,recog_ordered,lure,Fukaya,Fukaya_exercise-class_dancing,exercise-class,0.0,
,,test_trials,OnoJoe_building-5_dancing-0.mp4,,,,,79,recog_ordered,lure,OnoJoe,OnoJoe_building-5_dancing,building-5,0.0,
,,test_trials,TakinomichiYuzuru_by-the-water_in-a-boat-0.mp4,,,,,80,recog_ordered,lure,TakinomichiYuzuru,TakinomichiYuzuru_by-the-water_in-a-boat,by-the-water,0.0,
,,test_trials,Kounudoun_stage-with-singers_playing-guitar-0.mp4,,,,,81,recog_ordered,lure,Kounudoun,Kounudoun_stage-with-singers_playing-guitar,stage-with-singers,0.0,
,,test_trials,Fukaya_dancing_close-up-view-dancing-0.mp4,,,,,82,recog_ordered,lure,Fukaya,Fukaya_dancing_close-up-view-dancing,dancing,0.0,
,,test_trials,OnoJoe_glass-building_dancing-0.mp4,,,,,83,recog_ordered,studied,OnoJoe,OnoJoe_glass-building_dancing,glass-building,0.0,
,,test_trials,TakinomichiYuzuru_cheerleaders_dancing-behind-banner-0.mp4,,,,,84,recog_ordered,studied,TakinomichiYuzuru,TakinomichiYuzuru_cheerleaders_dancing-behind-banner,cheerleaders,0.0,
,,test_trials,Kounudoun_outside-store_looking-down-0.mp4,,,,,85,recog_ordered,lure,Kounudoun,Kounudoun_outside-store_looking-down,outside-store,0.0,
,,test_trials,Fukaya_exercise-class_lunging-0.mp4,,,,,86,recog_ordered,lure,Fukaya,Fukaya_exercise-class_lunging,exercise-class,0.0,
,,test_trials,OnoJoe_on-stage-2_talking-to-announcers-0.mp4,,,,,87,recog_ordered,studied,OnoJoe,OnoJoe_on-stage-2_talking-to-announcers,on-stage-2,0.0,
,,test_trials,TakinomichiYuzuru_bus-1_waving-0.mp4,,,,,88,recog_ordered,lure,TakinomichiYuzuru,TakinomichiYuzuru_bus-1_waving,bus-1,0.0,
,,test_trials,Kounudoun_with-tourist-kids_posing-pictures-0.mp4,,,,,89,recog_ordered,studied,Kounudoun,Kounudoun_with-tourist-kids_posing-pictures,with-tourist-kids,0.0,
,,test_trials,Fukaya_exercise-class_circling-arms-0.mp4,,,,,90,recog_ordered,lure,Fukaya,Fukaya_exercise-class_circling-arms,exercise-class,0.0,
,,test_trials,OnoJoe_interview_talking-0.mp4,,,,,91,recog_ordered,lure,OnoJoe,OnoJoe_interview_talking,interview,0.0,
,,test_trials,TakinomichiYuzuru_classroom_dancing-2.mp4,,,,,92,recog_ordered,lure,TakinomichiYuzuru,TakinomichiYuzuru_classroom_dancing,classroom,2.0,
,,test_trials,Kounudoun_sidewalk_outside-stores-0.mp4,,,,,93,recog_ordered,lure,Kounudoun,Kounudoun_sidewalk_outside-stores,sidewalk,0.0,
,,test_trials,Fukaya_group-dance_dance-with-friends-0.mp4,,,,,94,recog_ordered,studied,Fukaya,Fukaya_group-dance_dance-with-friends,group-dance,0.0,
,,test_trials,OnoJoe_building-7_dancing-1.mp4,,,,,95,recog_ordered,lure,OnoJoe,OnoJoe_building-7_dancing,building-7,1.0,
,,end_screen,none,,,,,0,end,none,none,none,none,0.0,
